Force,Local Authority,Population figures (thousands),Household figures (thousands) ,Violence against the person offences recorded 08/09,Violence against the person offences recorded 09/10,Violence against the person change 08/09-09/10 (%),'Violence against the person offences per 1,000 population 09/10',Sexual offences recorded 08/09,Sexual offences recorded 09/10,Sexual offences change 08/09-09/10 (%),'Sexual offences per 1,000 population 09/10',Robbery offences recorded 08/09,Robbery offences recorded 09/10,Robbery offences change 08/09-09/10  (%),'Robbery offences per 1,000 population 09/10',Burglary dwelling offences recorded 08/09,Burglary dwelling offences recorded 09/10,Burglary dwelling change 08/09-09/10 (%),'Burglary dwelling offences per 1,000 population 09/10','Burglary dwelling offences per 1,000 households 09/10',Theft of a motor vehicle offences recorded 08/09,Theft of a motor vehicle offences recorded 09/10,Theft of a motor vehicle change 08/09-09/10          (%),'Theft of a motor vehicle offences per 1,000 population 09/10',Theft from a vehicle offences recorded 08/09,Theft from a vehicle offences recorded 09/10,Theft from a vehicle change 08/09-09/10 (%),'Theft from a vehicle offences per 1,000 population 09/10',Interfering with a motor vehicle offences recorded 08/09,Interfering with a motor vehicle offences recorded 09/10,Interfering with a motor vehicle change 08/09-09/10 (%),'Interfering with a motor vehicle offences per 1,000 population 09/10',Recorded crime BCS comparator offences recorded 08/09,Recorded crime BCS comparator offences recorded 09/10,Recorded crime BCS comparator change 08/09-09/10 (%),'Recorded crime BCS comparator offences per 1,000 population 09/10'
Avon & Somerset,Bath and North East Somerset,177400,75900,2834,2751,-3,16,110,108,-2,1,87,63,-28,0,690,496,-28,3,7,360,228,-37,1,940,567,-40,3,204,110,-46,1,6936,5679,-18,32
Avon & Somerset,City of Bristol UA,426100,183600,10975,11522,5,27,744,801,8,2,1529,1290,-16,3,4706,4403,-6,10,24,2168,1606,-26,4,5300,4187,-21,10,904,763,-16,2,34592,31018,-10,73
Avon & Somerset,Mendip,108900,46800,1268,1245,-2,11,69,59,-14,1,20,X,X,,204,221,8,2,5,168,137,-18,1,410,450,10,4,70,47,-,0,3639,3440,-5,32
Avon & Somerset,North Somerset,207000,90100,3030,3007,-1,15,155,123,-21,1,102,131,28,1,770,649,-16,3,7,377,280,-26,1,1084,887,-18,4,164,158,-4,1,8154,7257,-11,35
Avon & Somerset,Sedgemoor,112300,49200,1556,1500,-4,13,104,100,-4,1,33,28,-,0,293,250,-15,2,5,178,118,-34,1,527,346,-34,3,61,57,-7,1,4293,3592,-16,32
Avon & Somerset,South Gloucester,260400,108000,3188,3120,-2,12,158,183,16,1,195,182,-7,1,1151,1041,-10,4,10,617,480,-22,2,1576,1252,-21,5,231,216,-6,1,10195,9315,-9,36
Avon & Somerset,South Somerset,158800,69700,1847,1788,-3,11,106,99,-7,1,38,34,-,0,436,290,-33,2,4,208,187,-10,1,741,512,-31,3,113,101,-11,1,5522,4778,-13,30
Avon & Somerset,Taunton Deane,108600,48200,1528,1506,-1,14,92,78,-15,1,31,26,-,0,299,280,-6,3,6,152,141,-7,1,562,448,-20,4,62,68,10,1,4523,3943,-13,36
Avon & Somerset,West Somerset,35600,16300,367,341,-7,10,21,28,-,1,5,X,X,,64,32,-,1,2,47,46,-,1,121,102,-16,3,14,24,-,1,996,881,-12,25
Avon & Somerset,Total,1595200,687700,26593,26780,1,17,1559,1579,1,1,2040,1777,-13,1,8613,7662,-11,5,11,4275,3223,-25,2,11261,8751,-22,5,1823,1544,-15,1,78850,69903,-11,44
Bedfordshire,Bedford,157100,66200,1956,2292,17,15,128,146,14,1,253,236,-7,2,741,901,22,6,14,345,304,-12,2,1071,1062,-1,7,122,154,26,1,6899,7233,5,46
Bedfordshire,Luton,190500,74400,3263,3288,1,17,313,170,-46,1,573,347,-39,2,2020,1486,-26,8,20,575,378,-34,2,2260,1437,-36,8,145,92,-37,0,11783,9674,-18,51
Bedfordshire,Mid Bedfordshire,134200,57100,690,688,0,5,45,46,-,0,44,34,-,0,441,451,2,3,8,188,147,-22,1,671,669,0,5,92,79,-14,1,3348,3166,-5,24
Bedfordshire,South Bedfordshire,117500,49700,1342,1382,3,12,72,72,0,1,144,97,-33,1,859,591,-31,5,12,307,224,-27,2,1157,1025,-11,9,115,138,20,1,6057,5279,-13,45
Bedfordshire,Total,599400,247500,7251,7650,6,13,558,434,-22,1,1014,714,-30,1,4061,3429,-16,6,14,1415,1053,-26,2,5159,4193,-19,7,474,463,-2,1,28087,25352,-10,42
Cambridgeshire,Cambridge,118700,47200,2323,2118,-9,18,146,131,-10,1,271,171,-37,1,1077,850,-21,7,18,255,182,-29,2,1017,872,-14,7,87,73,-16,1,9283,8340,-10,70
Cambridgeshire,East Cambridgeshire,82600,34300,561,612,9,7,59,32,-,0,9,17,-,0,194,204,5,2,6,188,106,-44,1,324,320,-1,4,72,36,-50,0,2234,1985,-11,24
Cambridgeshire,Fenland,91600,40400,1196,1304,9,14,70,79,13,1,50,86,72,1,313,362,16,4,9,308,232,-25,3,585,403,-31,4,75,50,-33,1,4168,3967,-5,43
Cambridgeshire,Huntingdonshire,165200,71700,1478,1527,3,9,108,118,9,1,57,44,-23,0,579,463,-20,3,6,262,169,-35,1,759,599,-21,4,114,64,-44,0,5579,4888,-12,30
Cambridgeshire,Peterborough UA,169800,71200,3576,3987,11,23,272,317,17,2,396,353,-11,2,1541,1395,-9,8,20,656,464,-29,3,2639,1714,-35,10,240,183,-24,1,14014,12495,-11,74
Cambridgeshire,South Cambridgeshire,142400,57100,782,910,16,6,85,78,-8,1,47,31,-,0,501,549,10,4,10,194,145,-25,1,803,652,-19,5,89,65,-27,0,3888,3626,-7,25
Cambridgeshire,Total,770400,321900,9916,10458,5,14,740,755,2,1,830,702,-15,1,4205,3823,-9,5,12,1863,1298,-30,2,6127,4560,-26,6,677,471,-30,1,39166,35301,-10,46
Cheshire,Chester,118200,52100,1833,1946,6,16,81,74,-9,1,63,51,-19,0,501,631,26,5,12,207,187,-10,2,687,782,14,7,97,77,-21,1,5336,5200,-3,44
Cheshire,Congleton,92300,39400,764,767,0,8,37,56,-,1,24,14,-,0,208,255,23,3,6,101,107,6,1,330,297,-10,3,41,20,-,0,2469,2297,-7,25
Cheshire,Crewe,118000,49700,1693,1541,-9,13,88,87,-1,1,59,26,-,0,322,456,42,4,9,192,106,-45,1,588,489,-17,4,84,41,-,0,5028,4548,-10,39
Cheshire,Ellesmere Port & Neston,80500,34400,1524,1313,-14,16,70,50,-29,1,43,54,-,1,395,400,1,5,12,277,186,-33,2,502,351,-30,4,110,73,-34,1,7339,6059,-17,75
Cheshire,Halton,118500,50500,2351,2077,-12,18,103,98,-5,1,125,105,-16,1,717,601,-16,5,12,424,330,-22,3,981,726,-26,6,103,63,-39,1,4358,3588,-18,30
Cheshire,Macclesfield,151900,66400,1562,1507,-4,10,76,96,26,1,98,42,-,0,542,596,10,4,9,297,184,-38,1,904,664,-27,4,102,75,-26,0,5433,4696,-14,31
Cheshire,Vale Royal,127300,53900,1500,1407,-6,11,84,82,-2,1,51,39,-,0,385,354,-8,3,7,236,181,-23,1,467,374,-20,3,67,51,-24,0,4501,3844,-15,30
Cheshire,Warrington,196200,82800,2942,2890,-2,15,166,161,-3,1,118,98,-17,0,848,842,-1,4,10,500,378,-24,2,1272,1269,0,6,128,106,-17,1,8598,7768,-10,40
Cheshire,Total,'1,002900',429200,14169,13448,-5,13,705,704,0,1,581,429,-26,0,3918,4135,6,4,10,2234,1659,-26,2,5731,4952,-14,5,732,506,-31,1,43062,38000,-12,38
Cleveland,Hartlepool,90800,40000,1628,1637,1,18,94,108,15,1,65,34,-,0,504,415,-18,5,10,312,211,-32,2,483,334,-31,4,93,68,-27,1,4937,4252,-14,47
Cleveland,Langbaurgh (Redcar & Cleveland),137800,59900,2068,1826,-12,13,89,102,15,1,33,36,-,0,501,506,1,4,8,332,294,-11,2,602,627,4,5,101,86,-15,1,7036,6238,-11,45
Cleveland,Middlesbrough,140100,58600,4230,3541,-16,25,205,220,7,2,199,163,-18,1,1152,942,-18,7,16,526,335,-36,2,1337,1001,-25,7,269,193,-28,1,11804,9523,-19,68
Cleveland,Stockton,189800,81100,2734,2316,-15,12,178,169,-5,1,107,53,-50,0,752,597,-21,3,7,418,328,-22,2,660,521,-21,3,91,90,-1,0,8305,6660,-20,35
Cleveland,Total,558500,239600,10660,9320,-13,17,566,599,6,1,404,286,-29,1,2909,2460,-15,4,10,1588,1168,-26,2,3082,2483,-19,4,554,437,-21,1,32082,26673,-17,48
Cumbria,Allerdale,94300,41600,1368,1169,-15,12,71,87,23,1,10,8,-,0,213,131,-38,1,3,176,101,-43,1,391,324,-17,3,74,49,-,1,3791,2977,-21,32
Cumbria,Barrow-in-Furness,70800,31600,1468,1294,-12,18,62,85,37,1,X,7,X,0,132,133,1,2,4,68,66,-3,1,168,162,-4,2,41,17,-,0,3263,2848,-13,40
Cumbria,Carlisle,105100,47300,2007,1980,-1,19,78,80,3,1,20,15,-25,0,214,185,-14,2,4,211,163,-23,2,347,293,-16,3,65,51,-22,0,4699,4076,-13,39
Cumbria,Copeland,70000,31500,974,868,-11,12,41,50,-,1,10,5,-,0,91,115,26,2,4,80,75,-6,1,158,109,-31,2,23,30,-,0,2506,2119,-15,30
Cumbria,Eden,51700,23100,395,418,6,8,25,29,-,1,X,4,X,0,35,59,-,1,3,54,62,15,1,102,121,19,2,18,30,-,1,978,1016,4,20
Cumbria,South Lakeland,104000,47000,901,887,-2,9,47,66,-,1,5,6,-,0,114,151,32,1,3,86,85,-1,1,254,233,-8,2,30,41,-,0,2656,2409,-9,23
Cumbria,Total,495900,222200,7113,6616,-7,13,324,397,23,1,50,45,-,0,799,774,-3,2,3,675,552,-18,1,1420,1242,-13,3,251,218,-13,0,17893,15445,-14,31
Derbyshire,Amber Valley,120800,52800,1514,1462,-3,12,105,98,-7,1,40,27,-,0,381,377,-1,3,7,229,169,-26,1,703,434,-38,4,101,75,-26,1,4608,4080,-11,34
Derbyshire,Bolsover,74300,32200,1091,888,-19,12,74,67,-9,1,18,18,-,0,341,372,9,5,12,245,192,-22,3,533,379,-29,5,68,49,-,1,3387,2869,-15,39
Derbyshire,Chesterfield,100700,45800,2024,1870,-8,19,95,107,13,1,34,48,-,0,452,544,20,5,12,240,215,-10,2,681,533,-22,5,87,69,-21,1,5570,4961,-11,49
Derbyshire,Derby,243200,102300,4627,4847,5,20,345,427,24,2,549,570,4,2,1516,1135,-25,5,11,530,476,-10,2,1964,1426,-27,6,264,208,-21,1,14467,13267,-8,55
Derbyshire,Derbyshire Dales,70000,30300,623,639,3,9,38,40,-,1,11,9,-,0,121,104,-14,1,3,97,72,-26,1,250,224,-10,3,25,24,-,0,1725,1606,-7,23
Derbyshire,Erewash,110500,48500,1771,1743,-2,16,146,139,-5,1,74,89,20,1,469,468,0,4,10,303,238,-21,2,861,702,-18,6,180,140,-22,1,5626,4983,-11,45
Derbyshire,High Peak,92100,40100,1154,1233,7,13,57,89,56,1,33,24,-,0,300,284,-5,3,7,159,116,-27,1,424,391,-8,4,58,53,-9,1,3509,3323,-5,36
Derbyshire,North East Derbyshire,97900,42500,840,783,-7,8,51,57,12,1,17,22,-,0,279,267,-4,3,6,195,137,-30,1,453,364,-20,4,45,34,-,0,3028,2507,-17,26
Derbyshire,South Derbyshire,91800,38400,715,832,16,9,73,82,12,1,28,33,-,0,270,221,-18,2,6,176,158,-10,2,469,447,-5,5,58,48,-,1,2776,2791,1,30
Derbyshire,Total,'1,001300',432900,14359,14297,0,14,984,1106,12,1,804,840,4,1,4129,3772,-9,4,9,2174,1773,-18,2,6338,4900,-23,5,886,700,-21,1,44696,40387,-10,40
Devon & Cornwall,Caradon,83500,37200,760,778,2,9,68,62,-9,1,6,5,-,0,127,93,-27,1,3,75,81,8,1,341,277,-19,3,13,18,-,0,2300,2041,-11,24
Devon & Cornwall,Carrick,92900,41800,928,955,3,10,49,81,65,1,15,17,-,0,191,186,-3,2,4,118,80,-32,1,335,275,-18,3,39,37,-5,0,2923,2565,-12,28
Devon & Cornwall,East Devon,133000,59500,1164,982,-16,7,67,101,51,1,12,18,-,0,270,226,-16,2,4,112,92,-18,1,434,380,-12,3,57,28,-,0,3334,2933,-12,22
Devon & Cornwall,Exeter,118500,53300,1929,1923,0,16,148,144,-3,1,65,36,-,0,572,444,-22,4,8,180,110,-39,1,721,643,-11,5,50,55,10,0,5933,5205,-12,44
Devon & Cornwall,Isles of Scilly,2300,0900,12,14,-,6,0,X,X,,0,0,,0,X,0,X,0,0,0,0,,0,0,X,X,,0,0,,0,19,31,-,13
Devon & Cornwall,Kerrier,99200,44200,1031,1109,8,11,93,107,15,1,12,16,-,0,197,238,21,2,5,121,92,-24,1,440,416,-5,4,39,27,-,0,3139,2967,-5,30
Devon & Cornwall,Mid Devon,75600,32700,655,584,-11,8,48,53,-,1,11,9,-,0,139,159,14,2,5,88,70,-20,1,243,247,2,3,16,24,-,0,2097,1974,-6,26
Devon & Cornwall,North Cornwall,86900,38600,774,708,-9,8,75,59,-21,1,X,7,X,0,95,111,17,1,3,62,45,-,1,203,214,5,2,13,14,-,0,1973,1997,1,23
Devon & Cornwall,North Devon,91500,40100,1324,1237,-7,14,66,71,8,1,23,18,-,0,209,140,-33,2,3,103,71,-31,1,317,355,12,4,32,34,-,0,3485,2877,-17,31
Devon & Cornwall,Penwith,64300,29900,934,823,-12,13,52,54,4,1,11,7,-,0,115,122,6,2,4,59,63,7,1,282,191,-32,3,14,17,-,0,2551,2151,-16,33
Devon & Cornwall,Plymouth,255600,111100,5406,5597,4,22,332,410,23,2,227,178,-22,1,1217,900,-26,4,8,635,420,-34,2,1700,1179,-31,5,195,149,-24,1,14758,12196,-17,48
Devon & Cornwall,Restormel,102500,45600,1026,1090,6,11,90,93,3,1,16,20,-,0,208,171,-18,2,4,143,119,-17,1,371,415,12,4,50,36,-,0,3143,3192,2,31
Devon & Cornwall,South Hams,83600,36400,554,502,-9,6,44,59,34,1,9,9,-,0,111,91,-18,1,3,66,53,-20,1,240,205,-15,2,29,8,-,0,1773,1523,-14,18
Devon & Cornwall,Teignbridge,126600,56100,1136,1077,-5,9,67,76,13,1,17,16,-,0,179,172,-4,1,3,147,96,-35,1,391,427,9,3,71,49,-,0,3374,3027,-10,24
Devon & Cornwall,Torbay,134000,61400,2389,2184,-9,16,139,146,5,1,69,57,-17,0,554,415,-25,3,7,204,164,-20,1,887,740,-17,6,82,55,-33,0,6528,5642,-14,42
Devon & Cornwall,Torridge,65300,29100,656,545,-17,8,33,44,-,1,12,9,-,0,107,82,-23,1,3,66,35,-,1,156,X,X,,24,6,-,0,1754,1276,-27,20
Devon & Cornwall,West Devon,52800,22200,346,316,-9,6,38,X,X,,X,5,X,0,X,70,X,1,3,38,33,-,1,143,136,-5,3,8,17,-,0,1110,1061,-4,20
Devon & Cornwall,Total,'1,667800',740000,21024,20424,-3,12,1409,1597,13,1,511,427,-16,0,4350,3620,-17,2,5,2217,1624,-27,1,7204,6228,-14,4,732,574,-22,0,60194,52658,-13,32
Dorset,Bournemouth,164600,72700,4413,4116,-7,25,319,336,5,2,146,135,-8,1,801,833,4,5,11,445,340,-24,2,1169,1142,-2,7,179,150,-16,1,10775,10083,-6,61
Dorset,Christchurch,46700,20600,437,417,-5,9,19,28,-,1,6,4,-,0,102,99,-3,2,5,53,33,-,1,212,146,-31,3,11,16,-,0,1519,1226,-19,26
Dorset,East Dorset,87700,37000,479,419,-13,5,36,36,-,0,3,4,-,0,76,69,-9,1,2,60,53,-12,1,275,290,5,3,17,29,-,0,1848,1585,-14,18
Dorset,North Dorset,65700,28800,514,545,6,8,33,57,-,1,6,7,-,0,103,90,-13,1,3,52,50,-4,1,158,180,14,3,14,24,-,0,1475,1431,-3,22
Dorset,Poole,140700,59700,1908,1760,-8,13,153,150,-2,1,52,32,-,0,299,348,16,2,6,301,252,-16,2,896,759,-15,5,146,99,-32,1,6203,5847,-6,42
Dorset,Purbeck,45400,19700,396,333,-16,7,31,37,-,1,5,3,-,0,52,41,-,1,2,58,37,-,1,163,218,34,5,15,13,-,0,1142,1083,-5,24
Dorset,West Dorset,96700,43700,829,917,11,9,73,86,18,1,20,14,-,0,175,157,-10,2,4,78,84,8,1,343,405,18,4,28,44,-,0,2612,2663,2,28
Dorset,Weymouth & Portland,63700,29000,1464,1270,-13,20,64,80,25,1,24,19,-,0,214,205,-4,3,7,78,93,19,1,379,291,-23,5,43,38,-,1,3436,3164,-8,50
Dorset,Total,711000,311100,10440,9777,-6,14,728,810,11,1,262,218,-17,0,1822,1842,1,3,6,1125,942,-16,1,3595,3431,-5,5,453,413,-9,1,29010,27082,-7,38
Durham,Chester-le-street,53000,23400,519,482,-7,9,21,29,-,1,17,13,-,0,202,220,9,4,9,126,103,-18,2,291,342,18,6,38,30,-,1,2420,1929,-20,36
Durham,Darlington,100100,44500,1463,1395,-5,14,101,79,-22,1,67,61,-9,1,549,510,-7,5,11,320,231,-28,2,814,747,-8,7,63,48,-,0,5154,4715,-9,47
Durham,Derwentside,88300,38700,1136,864,-24,10,62,58,-6,1,21,13,-,0,312,243,-22,3,6,189,155,-18,2,300,253,-16,3,71,32,-,0,3963,3214,-19,36
Durham,Durham,93600,38000,910,859,-6,9,60,61,2,1,10,17,-,0,332,306,-8,3,8,159,151,-5,2,322,445,38,5,37,34,-,0,3001,2921,-3,31
Durham,Easington,95300,40200,1178,1060,-10,11,83,74,-11,1,32,23,-28,0,597,506,-15,5,13,331,270,-18,3,429,374,-13,4,98,57,-42,1,4773,3996,-16,42
Durham,Sedgefield,87100,39100,1114,975,-12,11,70,52,-26,1,12,21,-,0,343,272,-21,3,7,170,168,-1,2,368,407,11,5,25,50,-,1,3884,3569,-8,41
Durham,Teesdale,24500,10900,119,107,-10,4,15,8,-,0,4,0,-,0,14,25,-,1,2,32,30,-,1,57,68,19,3,3,3,-,0,376,326,-13,13
Durham,Wear Valley,63100,27900,995,954,-4,15,64,56,-13,1,7,14,-,0,228,191,-16,3,7,202,164,-19,3,456,361,-21,6,39,33,-,1,3229,2861,-11,45
Durham,Total,605100,262700,7434,6696,-10,11,476,417,-12,1,170,162,-5,0,2577,2273,-12,4,9,1529,1272,-17,2,3037,2997,-1,5,374,287,-23,0,26800,23531,-12,39
Dyfed-Powys,Carmarthenshire,180700,80300,2091,1813,-13,10,106,139,31,1,9,7,-,0,295,243,-18,1,3,255,202,-21,1,438,324,-26,2,106,42,-,0,4563,3859,-15,21
Dyfed-Powys,Ceredigion,76800,33400,751,766,2,10,53,58,9,1,3,9,-,0,87,67,-23,1,2,45,32,-,0,89,98,10,1,13,6,-,0,1513,1398,-8,18
Dyfed-Powys,Pembrokeshire,117600,52600,1446,1309,-9,11,84,107,27,1,13,9,-,0,152,134,-12,1,3,109,87,-20,1,313,257,-18,2,29,43,-,0,3521,2974,-16,25
Dyfed-Powys,Powys,131700,59600,1382,1368,-1,10,78,102,31,1,10,11,-,0,197,149,-24,1,3,142,115,-19,1,341,351,3,3,48,49,-,0,3199,2844,-11,22
Dyfed-Powys,Total,506700,225900,5670,5256,-7,10,321,406,26,1,35,36,-,0,731,593,-19,1,3,551,436,-21,1,1181,1030,-13,2,196,140,-29,0,12796,11075,-13,22
Essex,Basildon,172900,73800,2508,2567,2,15,141,158,12,1,210,148,-30,1,1119,1060,-5,6,14,566,485,-14,3,1245,1142,-8,7,164,115,-30,1,8402,7793,-7,45
Essex,Braintree,142400,60500,1469,1225,-17,9,106,72,-32,1,35,35,-,0,248,294,19,2,5,167,171,2,1,553,597,8,4,64,53,-17,0,4009,3723,-7,26
Essex,Brentwood,72500,30600,803,790,-2,11,29,37,-,1,30,26,-,0,304,435,43,6,14,154,177,15,2,382,315,-18,4,31,17,-,0,2188,2249,3,31
Essex,Castle Point,88900,37500,772,776,1,9,45,48,-,1,49,48,-,1,375,347,-7,4,9,219,136,-38,2,376,363,-3,4,64,35,-,0,2905,2708,-7,30
Essex,Chelmsford,165400,70400,1998,1890,-5,11,92,119,29,1,100,67,-33,0,352,527,50,3,7,273,190,-30,1,585,543,-7,3,91,60,-34,0,5100,4773,-6,29
Essex,Colchester,174300,75200,2578,2360,-8,14,144,158,10,1,100,81,-19,0,497,510,3,3,7,261,221,-15,1,852,842,-1,5,97,53,-45,0,6838,6429,-6,37
Essex,Epping Forest,123400,53000,1474,1586,8,13,75,68,-9,1,133,111,-17,1,881,823,-7,7,16,414,432,4,4,974,747,-23,6,86,89,3,1,4637,4579,-1,37
Essex,Harlow,79900,34000,1800,1745,-3,22,88,122,39,2,103,99,-4,1,468,581,24,7,17,262,207,-21,3,751,494,-34,6,118,89,-25,1,4411,4106,-7,51
Essex,Maldon,62500,26500,481,440,-9,7,30,32,-,1,9,4,-,0,105,104,-1,2,4,70,61,-13,1,204,301,48,5,27,10,-,0,1467,1482,1,24
Essex,Rochford,83000,34200,483,397,-18,5,32,32,-,0,20,25,-,0,170,152,-11,2,4,114,92,-19,1,252,325,29,4,18,24,-,0,1796,1728,-4,21
Essex,Southend,163100,73300,2752,2712,-1,17,158,199,26,1,267,213,-20,1,891,691,-22,4,9,452,341,-25,2,945,941,0,6,122,114,-7,1,8359,7604,-9,47
Essex,Tendring,147800,66900,1892,1932,2,13,97,91,-6,1,64,86,34,1,450,455,1,3,7,243,223,-8,2,640,502,-22,3,83,75,-10,1,5314,5159,-3,35
Essex,Thurrock,155200,63700,2209,2096,-5,14,103,95,-8,1,176,143,-19,1,877,726,-17,5,11,810,630,-22,4,1361,945,-31,6,196,120,-39,1,7973,6641,-17,43
Essex,Uttlesford,74600,29600,655,745,14,10,21,35,-,0,9,10,-,0,151,144,-5,2,5,74,76,3,1,260,272,5,4,14,25,-,0,1453,1543,6,21
Essex,Total,'1,705800',729300,21874,21261,-3,12,1161,1266,9,1,1305,1096,-16,1,6888,6849,-1,4,9,4079,3442,-16,2,9380,8329,-11,5,1175,879,-25,1,64852,60517,-7,35
Gloucestershire,Cheltenham,112700,50500,2184,1702,-22,15,125,108,-14,1,65,52,-20,0,713,1056,48,9,21,266,215,-19,2,1042,836,-20,7,84,86,2,1,6625,5909,-11,52
Gloucestershire,Cotswold,83600,36900,706,746,6,9,65,53,-18,1,9,13,-,0,168,216,29,3,6,91,91,0,1,303,266,-12,3,22,17,-,0,2320,2062,-11,25
Gloucestershire,Forest of Dean,82900,34600,917,743,-19,9,47,67,-,1,7,4,-,0,135,165,22,2,5,169,118,-30,1,288,192,-33,2,30,16,-,0,2321,1950,-16,24
Gloucestershire,Gloucester,116500,49600,2658,2409,-9,21,144,185,28,2,139,109,-22,1,791,534,-32,5,11,384,316,-18,3,1100,879,-20,8,92,99,8,1,7545,6478,-14,56
Gloucestershire,Stroud,110600,47500,1308,1148,-12,10,106,97,-8,1,27,21,-,0,288,265,-8,2,6,209,156,-25,1,652,375,-42,3,69,49,-29,0,4021,3178,-21,29
Gloucestershire,Tewkesbury,79900,34800,781,576,-26,7,47,53,-,1,12,8,-,0,197,217,10,3,6,139,108,-22,1,311,319,3,4,36,30,-,0,2379,2043,-14,26
Gloucestershire,Total,586200,253900,8554,7324,-14,12,534,563,5,1,259,207,-20,0,2292,2453,7,4,10,1258,1004,-20,2,3696,2867,-22,5,333,297,-11,1,25211,21620,-14,37
Greater Manchester,Bolton,263700,111800,3992,3735,-6,14,347,378,9,1,386,268,-31,1,2145,1546,-28,6,14,1232,748,-39,3,3221,1895,-41,7,349,221,-37,1,16466,12409,-25,47
Greater Manchester,Bury,181600,78100,2868,2316,-19,13,166,159,-4,1,335,273,-19,2,1157,906,-22,5,12,574,521,-9,3,1564,1477,-6,8,153,140,-8,1,9789,8165,-17,45
Greater Manchester,Manchester,473200,205100,12430,11331,-9,24,823,871,6,2,2714,2579,-5,5,7173,6568,-8,14,32,2482,2143,-14,5,7783,6700,-14,14,578,457,-21,1,46570,41629,-11,88
Greater Manchester,Oldham,218200,90500,3694,3202,-13,15,194,211,9,1,568,399,-30,2,1980,1568,-21,7,17,952,697,-27,3,2416,1854,-23,8,313,235,-25,1,14546,11230,-23,51
Greater Manchester,Rochdale,204400,86500,4004,4491,12,22,265,263,-1,1,448,403,-10,2,1829,1685,-8,8,19,1139,791,-31,4,1937,1682,-13,8,326,263,-19,1,15021,12860,-14,63
Greater Manchester,Salford,223000,98200,4660,3937,-16,18,200,213,7,1,570,501,-12,2,2181,1739,-20,8,18,914,829,-9,4,3668,2908,-21,13,284,268,-6,1,17101,14302,-16,64
Greater Manchester,Stockport,282500,122600,3096,2803,-9,10,206,211,2,1,623,424,-32,2,1993,1655,-17,6,13,941,661,-30,2,2502,1912,-24,7,304,195,-36,1,14274,11840,-17,42
Greater Manchester,Tameside,214400,94400,3867,3718,-4,17,265,213,-20,1,555,419,-25,2,2328,1756,-25,8,19,865,615,-29,3,1665,1537,-8,7,280,195,-30,1,13484,11659,-14,54
Greater Manchester,Trafford,213700,93200,2487,2365,-5,11,147,141,-4,1,565,473,-16,2,1382,1298,-6,6,14,575,482,-16,2,1770,1445,-18,7,136,117,-14,1,10107,9144,-10,43
Greater Manchester,Wigan,305400,132300,4718,4029,-15,13,272,264,-3,1,300,224,-25,1,1551,1379,-11,5,10,967,724,-25,2,2035,1914,-6,6,267,238,-11,1,15371,13260,-14,43
Greater Manchester,Total,'2,580000','1,112800',45816,41927,-8,16,2885,2924,1,1,7064,5963,-16,2,23719,20100,-15,8,18,10641,8211,-23,3,28561,23324,-18,9,2990,2329,-22,1,172729,146498,-15,57
Gwent,Blaenau Gwent,68800,31000,1043,1294,24,19,69,58,-16,1,10,15,-,0,234,363,55,5,12,339,302,-11,4,755,698,-8,10,91,72,-21,1,4237,4466,5,65
Gwent,Caerphilly,172400,74000,2628,2737,4,16,173,185,7,1,41,47,-,0,535,629,18,4,9,589,614,4,4,1206,1541,28,9,167,231,38,1,7937,8517,7,49
Gwent,Monmouthshire,87800,38500,940,892,-5,10,52,63,21,1,11,15,-,0,213,241,13,3,6,158,166,5,2,524,551,5,6,52,58,12,1,2788,2863,3,33
Gwent,Newport,139700,60300,3414,3171,-7,23,196,196,0,1,137,151,10,1,1055,1334,26,10,22,544,391,-28,3,1642,1731,5,12,210,155,-26,1,9816,9841,0,70
Gwent,Torfaen,90600,39100,1381,1307,-5,14,69,100,45,1,21,21,-,0,258,512,98,6,13,326,289,-11,3,675,835,24,9,116,138,19,2,4603,4699,2,52
Gwent,Total,559300,243000,9406,9401,0,17,559,602,8,1,220,249,13,0,2295,3079,34,6,13,1956,1762,-10,3,4802,5356,12,10,636,654,3,1,29381,30386,3,54
Hampshire,Basingstoke & Deane,161500,67600,2744,2661,-3,16,146,189,29,1,100,104,4,1,664,475,-28,3,7,292,241,-17,1,815,638,-22,4,112,82,-27,1,7023,5982,-15,37
Hampshire,East Hampshire,111200,45300,1444,1453,1,13,89,78,-12,1,17,22,-,0,251,283,13,3,6,125,140,12,1,569,451,-21,4,64,48,-,0,3666,3397,-7,31
Hampshire,Eastleigh,120000,50500,1952,1856,-5,15,121,86,-29,1,71,42,-,0,266,286,8,2,6,198,146,-26,1,727,593,-18,5,89,66,-26,1,5078,4217,-17,35
Hampshire,Fareham,110900,45200,1386,1219,-12,11,106,67,-37,1,35,15,-,0,219,208,-5,2,5,90,97,8,1,456,380,-17,3,41,22,-,0,3705,2993,-19,27
Hampshire,Gosport,80100,33900,1823,1635,-10,20,125,90,-28,1,23,21,-,0,230,343,49,4,10,103,102,-1,1,490,413,-16,5,61,47,-,1,4445,4097,-8,51
Hampshire,Hart,90900,36000,724,629,-13,7,48,53,-,1,14,11,-,0,213,182,-15,2,5,149,89,-40,1,307,241,-21,3,25,30,-,0,2290,1920,-16,21
Hampshire,Havant,116500,50200,2758,2634,-4,23,177,158,-11,1,33,35,-,0,315,291,-8,2,6,243,280,15,2,629,532,-15,5,116,163,41,1,6352,5702,-10,49
Hampshire,Isle of Wight,140200,62500,2587,2203,-15,16,134,146,9,1,22,24,-,0,281,246,-12,2,4,129,110,-15,1,462,332,-28,2,55,44,-,0,5614,4665,-17,33
Hampshire,New Forest,175800,76500,2109,2108,0,12,182,137,-25,1,38,54,-,0,444,352,-21,2,5,187,137,-27,1,945,957,1,5,74,97,31,1,6115,5696,-7,32
Hampshire,Portsmouth,199400,85800,4902,5338,9,27,330,349,6,2,251,229,-9,1,1415,1025,-28,5,12,513,362,-29,2,1846,1455,-21,7,300,161,-46,1,14624,13026,-11,65
Hampshire,Rushmoor,91100,35400,1777,1519,-15,17,102,130,27,1,48,52,-,1,261,274,5,3,8,208,156,-25,2,393,390,-1,4,33,38,-,0,4044,3632,-10,40
Hampshire,Southampton,234100,100300,8222,7472,-9,32,481,431,-10,2,422,410,-3,2,935,1075,15,5,11,717,529,-26,2,2473,1699,-31,7,255,449,76,2,19997,16949,-15,72
Hampshire,Test Valley,113500,47900,1671,1561,-7,14,131,109,-17,1,57,34,-,0,278,257,-8,2,5,161,130,-19,1,583,420,-28,4,88,67,-24,1,4403,3632,-18,32
Hampshire,Winchester,112200,45300,1513,1477,-2,13,87,82,-6,1,23,27,-,0,256,235,-8,2,5,122,88,-28,1,461,430,-7,4,37,47,-,0,3729,3463,-7,31
Hampshire,Total,'1,857200',782400,35612,33765,-5,18,2259,2105,-7,1,1154,1080,-6,1,6028,5532,-8,3,7,3237,2607,-19,1,11156,8931,-20,5,1350,1361,1,1,91085,79371,-13,43
Hertfordshire,Broxbourne,89600,36800,1178,1088,-8,12,50,76,52,1,106,93,-12,1,548,618,13,7,17,318,303,-5,3,829,651,-21,7,36,24,-,0,4544,4088,-10,46
Hertfordshire,Dacorum,139900,58500,1260,1293,3,9,91,79,-13,1,81,93,15,1,561,483,-14,3,8,303,253,-17,2,1063,954,-10,7,70,44,-,0,5575,4945,-11,35
Hertfordshire,East Hertfordshire,135700,55800,1359,1291,-5,10,45,76,-,1,30,26,-,0,448,410,-8,3,7,251,189,-25,1,594,615,4,5,52,23,-,0,4030,3646,-10,27
Hertfordshire,Hertsmere,97900,39700,953,886,-7,9,44,62,-,1,66,56,-15,1,527,402,-24,4,10,226,150,-34,2,913,635,-30,6,50,20,-,0,3673,2943,-20,30
Hertfordshire,North Hertfordshire,123700,53400,1246,1108,-11,9,62,66,6,1,65,52,-20,0,395,359,-9,3,7,170,145,-15,1,627,568,-9,5,38,24,-,0,4104,3565,-13,29
Hertfordshire,St Albans,135200,54900,1244,1131,-9,8,77,69,-10,1,92,54,-41,0,586,562,-4,4,10,300,176,-41,1,969,881,-9,7,57,37,-,0,4821,4192,-13,31
Hertfordshire,Stevenage,80500,33800,1721,1610,-6,20,112,82,-27,1,73,58,-21,1,409,272,-33,3,8,162,150,-7,2,432,396,-8,5,42,26,-,0,4356,3801,-13,47
Hertfordshire,Three Rivers,87100,35900,541,447,-17,5,25,26,-,0,25,30,-,0,387,301,-22,3,8,218,150,-31,2,547,470,-14,5,28,40,-,0,2689,2304,-14,26
Hertfordshire,Watford,82500,33000,1262,1434,14,17,48,66,-,1,126,114,-10,1,465,357,-23,4,11,203,113,-44,1,662,631,-5,8,46,27,-,0,4448,4096,-8,50
Hertfordshire,Welwyn / Hatfield,111700,44600,1339,1306,-2,12,60,71,18,1,95,69,-27,1,643,583,-9,5,13,196,176,-10,2,613,549,-10,5,40,26,-,0,4250,3932,-7,35
Hertfordshire,Total,'1,083900',446400,12103,11594,-4,11,614,673,10,1,759,645,-15,1,4969,4347,-13,4,10,2347,1805,-23,2,7249,6350,-12,6,459,291,-37,0,42490,37512,-12,35
Humberside,East Riding of Yorkshire,336100,145800,3770,3532,-6,11,174,224,29,1,58,53,-9,0,852,732,-14,2,5,552,384,-30,1,1334,937,-30,3,302,196,-35,1,10408,9698,-7,29
Humberside,Kingston upon Hull,261100,117100,7372,6828,-7,26,328,426,30,2,339,280,-17,1,2175,1868,-14,7,16,1016,741,-27,3,2104,1837,-13,7,511,478,-6,2,18348,17378,-5,67
Humberside,North East Lincolnshire,157200,69700,3815,3579,-6,23,212,275,30,2,215,166,-23,1,1574,1063,-32,7,15,614,458,-25,3,1247,1230,-1,8,339,252,-26,2,12962,11429,-12,73
Humberside,North Lincolnshire,160500,70000,3104,2727,-12,17,254,237,-7,1,161,114,-29,1,1290,893,-31,6,13,611,397,-35,2,968,565,-42,4,206,131,-36,1,9709,7940,-18,49
Humberside,Total,914800,402500,18061,16666,-8,18,968,1162,20,1,773,613,-21,1,5891,4556,-23,5,11,2793,1980,-29,2,5653,4569,-19,5,1358,1057,-22,1,51427,46445,-10,51
Kent,Ashford,113000,46900,1334,1197,-10,11,97,89,-8,1,67,53,-21,0,350,250,-29,2,5,239,163,-32,1,500,345,-31,3,63,49,-,0,4211,3307,-21,29
Kent,Canterbury,148100,62500,2006,1641,-18,11,97,100,3,1,80,60,-25,0,395,420,6,3,7,239,194,-19,1,602,524,-13,4,101,86,-15,1,5579,5007,-10,34
Kent,Dartford,92800,38700,1733,1407,-19,15,86,72,-16,1,72,82,14,1,433,355,-18,4,9,449,337,-25,4,871,645,-26,7,184,115,-38,1,5242,4187,-20,45
Kent,Dover,106200,47100,1543,1261,-18,12,89,88,-1,1,39,44,-,0,219,211,-4,2,4,230,185,-20,2,399,379,-5,4,114,73,-36,1,4361,3787,-13,36
Kent,Gravesham,98500,40600,1850,1625,-12,16,108,103,-5,1,77,65,-16,1,469,378,-19,4,9,317,189,-40,2,742,422,-43,4,140,95,-32,1,5220,4209,-19,43
Kent,Maidstone,146800,60200,2137,1898,-11,13,111,125,13,1,72,59,-18,0,304,294,-3,2,5,419,374,-11,3,784,638,-19,4,158,118,-25,1,5751,4860,-15,33
Kent,Medway,253500,105200,4297,3690,-14,15,259,273,5,1,216,190,-12,1,933,666,-29,3,6,855,644,-25,3,1694,1300,-23,5,261,206,-21,1,12749,10093,-21,40
Kent,Sevenoaks,112800,48000,723,824,14,7,49,64,-,1,34,31,-,0,351,387,10,3,8,303,204,-33,2,740,528,-29,5,132,73,-45,1,3374,2898,-14,26
Kent,Shepway,99800,44600,1475,1445,-2,14,72,85,18,1,66,52,-21,1,324,328,1,3,7,173,117,-32,1,437,305,-30,3,63,41,-,0,4239,3611,-15,36
Kent,Swale,130800,54600,2092,1939,-7,15,114,112,-2,1,70,57,-19,0,478,578,21,4,11,403,312,-23,2,808,614,-24,5,143,108,-24,1,6427,5554,-14,42
Kent,Thanet,130200,58400,2778,2382,-14,18,161,158,-2,1,154,110,-29,1,776,876,13,7,15,280,245,-13,2,626,774,24,6,96,100,4,1,7551,6950,-8,53
Kent,Tonbridge & Malling,116000,47400,1095,1030,-6,9,71,48,-32,0,27,31,-,0,273,254,-7,2,5,190,131,-31,1,521,445,-15,4,68,48,-,0,3364,3066,-9,26
Kent,Tunbridge Wells,106800,43900,1026,1068,4,10,66,58,-12,1,40,21,-,0,268,286,7,3,7,192,173,-10,2,415,410,-1,4,89,49,-,0,3031,2990,-1,28
Kent,Total,'1,655200',698000,24089,21407,-11,13,1380,1375,0,1,1014,855,-16,1,5573,5283,-5,3,8,4289,3268,-24,2,9139,7329,-20,4,1612,1161,-28,1,71099,60519,-15,37
Lancashire,Blackburn with Darwen,139400,56100,2567,2480,-3,18,138,192,39,1,150,74,-51,1,575,434,-25,3,8,318,246,-23,2,868,869,0,6,105,70,-33,1,7801,6791,-13,49
Lancashire,Blackpool,140600,65300,4571,4251,-7,30,188,254,35,2,160,141,-12,1,758,692,-9,5,11,402,271,-33,2,845,658,-22,5,266,228,-14,2,11079,9858,-11,70
Lancashire,Burnley,86000,37300,1921,1630,-15,19,105,82,-22,1,53,24,-,0,695,580,-17,7,16,358,240,-33,3,1001,711,-29,8,175,145,-17,2,6648,5020,-24,58
Lancashire,Chorley,104700,44600,1302,1226,-6,12,61,57,-7,1,24,16,-,0,182,210,15,2,5,148,145,-2,1,365,335,-8,3,79,60,-24,1,3432,3284,-4,31
Lancashire,Fylde,76100,34900,743,707,-5,9,22,37,-,0,21,20,-,0,148,128,-14,2,4,82,42,-,1,175,211,21,3,22,41,-,1,2170,2049,-6,27
Lancashire,Hyndburn,81200,34300,1127,1101,-2,14,42,77,-,1,24,29,-,0,292,246,-16,3,7,213,177,-17,2,361,294,-19,4,52,44,-,1,3708,3230,-13,40
Lancashire,Lancaster,139500,63900,1928,2151,12,15,99,122,23,1,55,59,7,0,413,361,-13,3,6,194,191,-2,1,546,589,8,4,150,104,-31,1,6358,6007,-6,43
Lancashire,Pendle,89100,38100,1380,1253,-9,14,78,83,6,1,41,20,-,0,307,210,-32,2,6,233,162,-30,2,607,517,-15,6,122,120,-2,1,4202,3513,-16,39
Lancashire,Preston,135300,55800,3054,2903,-5,21,148,198,34,1,194,163,-16,1,626,485,-23,4,9,373,324,-13,2,1017,682,-33,5,296,172,-42,1,8934,7568,-15,56
Lancashire,Ribble Valley,57800,24900,316,276,-13,5,11,30,-,1,9,4,-,0,61,73,20,1,3,75,52,-31,1,158,132,-16,2,27,23,-,0,1041,917,-12,16
Lancashire,Rossendale,66700,28800,733,678,-8,10,48,42,-,1,27,18,-,0,223,208,-7,3,7,209,134,-36,2,347,269,-22,4,87,50,-43,1,2683,2118,-21,32
Lancashire,South Ribble,107500,45900,1216,1168,-4,11,78,79,1,1,46,44,-,0,225,209,-7,2,5,140,115,-18,1,505,360,-29,3,90,58,-36,1,3903,3612,-7,34
Lancashire,West Lancashire,110400,46100,1209,1206,0,11,55,59,7,1,44,48,-,0,374,363,-3,3,8,268,185,-31,2,534,445,-17,4,180,119,-34,1,4221,3996,-5,36
Lancashire,Wyre,110800,49600,1135,1234,9,11,63,67,6,1,17,30,-,0,235,237,1,2,5,113,115,2,1,425,307,-28,3,44,47,7,0,3672,3505,-5,32
Lancashire,Total,'1,445100',625600,23202,22264,-4,15,1136,1379,21,1,865,690,-20,0,5114,4436,-13,3,7,3126,2399,-23,2,7754,6379,-18,4,1695,1281,-24,1,69852,61468,-12,43
Leicestershire,Blaby,93500,38400,850,917,8,10,68,67,-1,1,33,31,-,0,391,416,6,4,11,177,158,-11,2,671,547,-18,6,69,61,-12,1,3341,2900,-13,31
Leicestershire,Charnwood,163300,67500,2835,2630,-7,16,146,155,6,1,114,110,-4,1,896,994,11,6,15,316,240,-24,1,1018,826,-19,5,128,93,-27,1,7566,6951,-8,43
Leicestershire,Harborough,82700,34400,699,699,0,8,46,50,-,1,18,9,-,0,211,223,6,3,6,89,77,-13,1,347,344,-1,4,31,39,-,0,1978,2024,2,24
Leicestershire,Hinckley and Bosworth,104400,44700,1322,1290,-2,12,88,77,-13,1,37,24,-,0,349,444,27,4,10,207,175,-15,2,600,622,4,6,57,60,5,1,3662,3595,-2,34
Leicestershire,Leicester,303800,119200,9627,9527,-1,31,645,526,-18,2,898,792,-12,3,2782,2700,-3,9,23,953,802,-16,3,3388,2662,-21,9,313,273,-13,1,24182,22322,-8,73
Leicestershire,Melton,48700,21000,661,602,-9,12,48,46,-,1,X,7,X,0,229,146,-36,3,7,111,70,-37,1,273,187,-32,4,31,15,-,0,1954,1452,-26,30
Leicestershire,North West Leicestershire,90500,38700,1450,1208,-17,13,90,76,-16,1,36,22,-,0,365,282,-23,3,7,182,153,-16,2,713,586,-18,6,71,38,-,0,3897,3297,-15,36
Leicestershire,Oadby & Wigston,58500,22700,749,824,10,14,35,39,-,1,61,39,-36,1,180,203,13,3,9,63,48,-,1,229,176,-23,3,19,18,-,0,1800,1863,4,32
Leicestershire,Rutland,38100,15500,326,322,-1,8,24,20,-,1,X,3,X,0,123,89,-28,2,6,32,41,-,1,135,106,-21,3,16,13,-,0,890,818,-8,21
Leicestershire,Total,983400,402100,18519,18019,-3,18,1190,1056,-11,1,1210,1037,-14,1,5526,5497,-1,6,14,2130,1764,-17,2,7374,6056,-18,6,735,610,-17,1,49270,45222,-8,46
Lincolnshire,Boston,59100,26200,932,937,1,16,46,55,-,1,16,42,-,1,362,254,-30,4,10,112,106,-5,2,270,358,33,6,20,31,-,1,3043,3142,3,53
Lincolnshire,East Lindsey,140800,62900,1747,1720,-2,12,162,123,-24,1,32,32,-,0,361,452,25,3,7,278,232,-17,2,434,436,0,3,72,27,-63,0,5081,4890,-4,35
Lincolnshire,Lincoln,88000,39400,2211,1985,-10,23,127,128,1,1,70,75,7,1,545,478,-12,5,12,206,169,-18,2,645,725,12,8,130,106,-18,1,6484,5966,-8,68
Lincolnshire,North Kesteven,105000,45300,541,485,-10,5,61,46,-,0,11,11,-,0,216,175,-19,2,4,118,95,-19,1,263,263,0,3,49,36,-,0,2336,2050,-12,20
Lincolnshire,South Holland,83900,36600,959,980,2,12,72,84,17,1,23,20,-,0,263,266,1,3,7,197,148,-25,2,352,283,-20,3,31,23,-,0,2927,2698,-8,32
Lincolnshire,South Kesteven,130500,57100,1776,1660,-7,13,99,105,6,1,27,16,-,0,440,281,-36,2,5,221,177,-20,1,572,443,-23,3,80,36,-,0,4744,4063,-14,31
Lincolnshire,West Lindsey,88300,37900,748,707,-5,8,53,56,6,1,19,16,-,0,239,256,7,3,7,180,154,-14,2,371,294,-21,3,65,30,-,0,2933,2899,-1,33
Lincolnshire,Total,695600,305300,8914,8474,-5,12,620,597,-4,1,198,212,7,0,2426,2162,-11,3,7,1312,1081,-18,2,2907,2802,-4,4,447,289,-35,0,27548,25708,-7,37
'London, City of',City of London,11300,4700,853,796,-7,70,34,41,-,4,43,43,-,4,51,29,-,3,6,54,79,46,7,166,70,-58,6,4,X,X,,1782,1868,5,165
Merseyside,Knowsley,149700,63600,1586,1572,-1,11,50,57,14,0,189,176,-7,1,910,868,-5,6,14,502,321,-36,2,1019,801,-21,5,127,56,-56,0,7106,6136,-14,41
Merseyside,Liverpool,441100,194200,9027,8512,-6,19,323,412,28,1,1081,1047,-3,2,4148,4110,-1,9,21,1632,1216,-25,3,4119,3541,-14,8,674,432,-36,1,29235,26084,-11,59
Merseyside,Sefton,274200,118100,2772,2531,-9,9,156,179,15,1,159,181,14,1,1163,1362,17,5,12,574,450,-22,2,1199,1220,2,4,326,216,-34,1,10127,9848,-3,36
Merseyside,St Helens,176700,75700,2265,1839,-19,10,114,87,-24,0,104,96,-8,1,746,636,-15,4,8,502,305,-39,2,819,898,10,5,212,159,-25,1,7525,6282,-17,36
Merseyside,Wirral,308500,136800,3365,3039,-10,10,173,188,9,1,153,127,-17,0,891,946,6,3,7,555,511,-8,2,1102,952,-14,3,345,203,-41,1,10094,9159,-9,30
Merseyside,Total,'1,350200',588400,19015,17493,-8,13,816,923,13,1,1686,1627,-3,1,7858,7922,1,6,13,3765,2803,-26,2,8258,7412,-10,5,1684,1066,-37,1,64087,57509,-10,43
Greater London,Barking & Dagenham,171500,67500,5276,5219,-1,30,205,266,30,2,757,834,10,5,1414,1774,25,10,26,1034,907,-12,5,1565,1646,5,10,147,80,-46,0,11850,11930,1,70
Greater London,Barnet,338100,135300,5184,4862,-6,14,248,325,31,1,892,965,8,3,2609,3041,17,9,22,1006,834,-17,2,3429,3002,-12,9,216,194,-10,1,15460,15201,-2,45
Greater London,Bexley,225000,93400,3461,3791,10,17,138,179,30,1,376,287,-24,1,1430,1310,-8,6,14,791,788,0,4,1649,1375,-17,6,140,147,5,1,9963,9073,-9,40
Greater London,Brent,254500,103400,6487,7020,8,28,285,314,10,1,1681,1863,11,7,2535,2790,10,11,27,750,838,12,3,2318,2295,-1,9,69,103,49,0,15582,16934,9,67
Greater London,Bromley,308000,130500,5574,5350,-4,17,227,281,24,1,790,595,-25,2,2040,2171,6,7,17,1135,791,-30,3,2984,2203,-26,7,325,259,-20,1,15363,13280,-14,43
Greater London,Camden,226500,109000,6015,5811,-3,26,197,305,55,1,1000,1105,11,5,1795,1698,-5,7,16,810,706,-13,3,2622,2172,-17,10,56,203,263,1,15118,16123,7,71
Greater London,City of Westminster,246600,118300,8569,8845,3,36,550,521,-5,2,1861,1719,-8,7,1489,1315,-12,5,11,589,593,1,2,3200,2508,-22,10,35,31,-,0,22454,23725,6,96
Greater London,Croydon,341200,146100,6926,7074,2,21,397,452,14,1,1407,1624,15,5,2547,2720,7,8,19,1254,1221,-3,4,2898,3092,7,9,221,209,-5,1,18419,19132,4,56
Greater London,Ealing,312100,121100,7644,8052,5,26,314,339,8,1,1356,1447,7,5,2788,2828,1,9,23,1049,1018,-3,3,3524,4023,14,13,83,117,41,0,18126,19215,6,62
Greater London,Enfield,289000,116400,4233,4645,10,16,252,344,37,1,1143,1324,16,5,3051,2832,-7,10,24,1174,1045,-11,4,2891,2510,-13,9,86,73,-15,0,15510,15345,-1,53
Greater London,Greenwich,223700,99900,6741,6145,-9,27,319,398,25,2,1075,849,-21,4,2119,1911,-10,9,19,1153,896,-22,4,3181,2493,-22,11,281,218,-22,1,16925,15227,-10,68
Greater London,Hackney,212800,88600,6463,6659,3,31,420,466,11,2,1103,1092,-1,5,1592,1509,-5,7,17,1026,788,-23,4,2381,2251,-5,11,308,291,-6,1,15428,15664,2,74
Greater London,Hammersmith & Fulham,168600,77700,4938,4717,-4,28,231,220,-5,1,683,749,10,4,1720,1345,-22,8,17,585,614,5,4,2186,2351,8,14,48,130,171,1,12151,12292,1,73
Greater London,Haringey,225300,96700,5312,5094,-4,23,276,343,24,2,1138,1081,-5,5,2869,2663,-7,12,28,1078,899,-17,4,3157,2778,-12,12,67,38,-,0,16461,15493,-6,69
Greater London,Harrow,225400,83200,3127,3462,11,15,162,207,28,1,546,469,-14,2,1599,1686,5,7,20,422,329,-22,1,1586,1734,9,8,128,131,2,1,8714,8892,2,39
Greater London,Havering,232300,95400,3131,3408,9,15,179,228,27,1,341,347,2,1,1500,1882,25,8,20,1137,816,-28,4,1575,1214,-23,5,159,101,-36,0,10290,9642,-6,42
Greater London,Hillingdon,258100,100700,6139,5866,-4,23,223,296,33,1,784,701,-11,3,2021,2321,15,9,23,958,695,-27,3,2705,3001,11,12,149,200,34,1,14459,14465,0,56
Greater London,Hounslow,230200,88200,5547,5604,1,24,257,280,9,1,699,645,-8,3,1771,1999,13,9,23,810,643,-21,3,2082,2300,10,10,61,97,59,0,13165,13314,1,58
Greater London,Islington,188500,88400,5769,5836,1,31,273,268,-2,1,1096,992,-9,5,1694,1607,-5,9,18,819,851,4,5,2406,2419,1,13,207,277,34,1,15193,15585,3,83
Greater London,Kensington & Chelsea,171100,89500,3146,2987,-5,17,171,159,-7,1,509,550,8,3,1010,921,-9,5,10,478,513,7,3,1827,1629,-11,10,58,47,-,0,9349,8921,-5,52
Greater London,Kingston upon Thames,164600,67200,2191,2263,3,14,113,149,32,1,273,266,-3,2,607,643,6,4,10,303,190,-37,1,840,654,-22,4,101,53,-48,0,6294,5839,-7,35
Greater London,Lambeth,281400,121700,7829,7808,0,28,492,557,13,2,2181,2411,11,9,2604,2869,10,10,24,1054,1065,1,4,2377,2252,-5,8,56,49,-,0,19567,20564,5,73
Greater London,Lewisham,262000,113200,8798,7647,-13,29,368,374,2,1,1377,1304,-5,5,1976,2029,3,8,18,1134,946,-17,4,2706,2265,-16,9,262,161,-39,1,17594,16434,-7,63
Greater London,Merton,202800,86000,3744,3382,-10,17,215,185,-14,1,543,554,2,3,1110,1107,0,5,13,540,536,-1,3,1017,1199,18,6,56,78,39,0,8447,8484,0,42
Greater London,Newham,242400,95100,7163,7467,4,31,326,461,41,2,1706,2264,33,9,1908,2340,23,10,25,1412,1164,-18,5,4776,4476,-6,18,201,129,-36,1,20389,21272,4,88
Greater London,Redbridge,263800,98000,4157,4301,3,16,270,238,-12,1,1035,917,-11,3,2469,2693,9,10,27,1242,1333,7,5,2748,2697,-2,10,171,159,-7,1,13675,13711,0,52
Greater London,Richmond upon Thames,187200,80600,2012,2247,12,12,118,136,15,1,229,228,0,1,981,913,-7,5,11,379,276,-27,1,1290,1120,-13,6,98,112,14,1,6762,6370,-6,34
Greater London,Southwark,283000,121700,8915,8873,0,31,419,472,13,2,1914,2063,8,7,1974,1930,-2,7,16,1087,1048,-4,4,3049,2110,-31,7,175,157,-10,1,19604,19082,-3,67
Greater London,Sutton,189500,81200,2649,2646,0,14,188,195,4,1,346,339,-2,2,877,756,-14,4,9,546,409,-25,2,1554,1677,8,9,126,142,13,1,8491,7950,-6,42
Greater London,Tower Hamlets,226800,91600,6070,6190,2,27,309,334,8,1,1069,933,-13,4,1077,1071,-1,5,12,899,798,-11,4,2441,1673,-31,7,123,92,-25,0,14656,14160,-3,62
Greater London,Waltham Forest,221400,92200,5611,5849,4,26,229,313,37,1,1483,1650,11,7,2172,2320,7,10,25,1102,955,-13,4,3095,3118,1,14,65,129,98,1,15762,15829,0,71
Greater London,Wandsworth,283700,127100,5103,5226,2,18,336,338,1,1,1161,1292,11,5,1825,1869,2,7,15,1056,976,-8,3,2734,2377,-13,8,146,113,-23,0,15225,15093,-1,53
Greater London,Total,'7,657000','3,224900',173924,174346,0,23,8707,9943,14,1,32554,33459,3,4,59173,60863,3,8,19,28812,25481,-12,3,78793,72614,-8,9,4424,4320,-2,1,456446,454241,0,59
Norfolk,Breckland,129200,57000,983,1035,5,8,65,84,29,1,14,28,-,0,169,210,24,2,4,135,153,13,1,333,408,23,3,35,49,-,0,3127,3199,2,25
Norfolk,Broadland,122700,53700,595,604,2,5,48,39,-,0,8,13,-,0,103,171,66,1,3,108,87,-19,1,229,302,32,2,21,19,-,0,2148,2139,0,17
Norfolk,Great Yarmouth,95900,42500,1525,1783,17,19,102,107,5,1,47,65,-,1,289,296,2,3,7,173,131,-24,1,362,255,-30,3,47,47,-,0,4582,4277,-7,45
Norfolk,Kings Lynn & West Norfolk,142600,64300,1146,1422,24,10,86,83,-3,1,21,32,-,0,225,277,23,2,4,248,186,-25,1,478,453,-5,3,48,54,-,0,4288,4145,-3,29
Norfolk,North Norfolk,101500,46600,805,735,-9,7,67,66,-1,1,7,9,-,0,100,98,-2,1,2,88,78,-11,1,174,211,21,2,24,15,-,0,2208,1996,-10,20
Norfolk,Norwich,137300,61400,3008,2902,-4,21,218,202,-7,1,177,150,-15,1,537,500,-7,4,8,384,357,-7,3,1069,834,-22,6,114,127,11,1,9133,8017,-12,58
Norfolk,South Norfolk,118100,51000,612,636,4,5,41,45,-,0,12,8,-,0,175,158,-10,1,3,114,104,-9,1,270,316,17,3,32,48,-,0,2282,2260,-1,19
Norfolk,Total,847300,376400,8674,9117,5,11,627,626,0,1,286,305,7,0,1598,1710,7,2,5,1250,1096,-12,1,2915,2779,-5,3,321,359,12,0,27768,26033,-6,31
Northamptonshire,Corby,54500,23800,1302,1265,-3,23,65,62,-5,1,71,72,1,1,257,222,-14,4,9,253,171,-32,3,359,197,-45,4,172,80,-53,1,4223,3363,-20,62
Northamptonshire,Daventry,78100,33300,687,816,19,10,51,77,51,1,39,30,-,0,371,428,15,5,13,185,175,-5,2,631,525,-17,7,84,96,14,1,2983,2889,-3,37
Northamptonshire,East Northamptonshire,84700,36400,768,764,-1,9,55,46,-,1,41,41,-,0,365,239,-35,3,7,235,144,-39,2,689,516,-25,6,102,57,-44,1,3636,2867,-21,34
Northamptonshire,Kettering,89300,38900,1196,1289,8,14,69,81,17,1,101,76,-25,1,340,380,12,4,10,236,152,-36,2,746,497,-33,6,100,74,-26,1,4407,4058,-8,45
Northamptonshire,Northampton,208800,88800,3865,4336,12,21,419,326,-22,2,503,426,-15,2,1882,1472,-22,7,17,854,601,-30,3,1965,1779,-9,9,419,300,-28,1,14841,13358,-10,64
Northamptonshire,South Northamptonshire,88200,37900,438,453,3,5,49,32,-,0,24,28,-,0,203,237,17,3,6,93,122,31,1,424,447,5,5,39,40,-,0,1922,1993,4,23
Northamptonshire,Wellingborough,75600,33200,1219,1156,-5,15,61,62,2,1,119,101,-15,1,521,429,-18,6,13,376,179,-52,2,679,471,-31,6,162,98,-40,1,4954,4101,-17,54
Northamptonshire,Total,679200,292300,9475,10079,6,15,769,686,-11,1,898,774,-14,1,3939,3407,-14,5,12,2232,1544,-31,2,5493,4432,-19,7,1078,745,-31,1,36966,32629,-12,48
Northumbria,Alnwick,32500,14700,263,224,-15,7,16,11,-,0,X,X,X,,37,23,-,1,2,28,17,-,1,62,48,-,1,5,X,X,,686,569,-17,18
Northumbria,Berwick,26200,12300,288,290,1,11,13,16,-,1,X,X,X,,25,31,-,1,3,18,18,-,1,48,30,-,1,4,X,X,,594,664,12,25
Northumbria,Blyth Valley,80900,35900,964,809,-16,10,46,77,-,1,20,22,-,0,216,158,-27,2,4,85,56,-34,1,349,160,-54,2,33,26,-,0,2947,2146,-27,27
Northumbria,Castle Morpeth,50200,20800,377,350,-7,7,36,17,-,0,X,X,X,,65,58,-11,1,3,50,54,8,1,150,83,-45,2,21,10,-,0,1161,1276,10,25
Northumbria,Gateshead,189900,87000,2164,1862,-14,10,126,150,19,1,81,70,-14,0,695,528,-24,3,6,387,327,-16,2,1298,905,-30,5,207,151,-27,1,8316,6673,-20,35
Northumbria,Newcastle upon Tyne,277800,119300,4914,4751,-3,17,207,337,63,1,281,210,-25,1,1663,1380,-17,5,12,667,610,-9,2,2090,1631,-22,6,408,322,-21,1,15786,14260,-10,51
Northumbria,North Tyneside,196000,89900,2297,1808,-21,9,108,124,15,1,91,60,-34,0,527,332,-37,2,4,366,210,-43,1,792,393,-50,2,180,67,-63,0,7137,4753,-33,24
Northumbria,South Tyneside,151400,68200,2023,1762,-13,12,127,118,-7,1,60,55,-8,0,424,306,-28,2,4,306,214,-30,1,561,528,-6,3,132,79,-40,1,6678,5569,-17,37
Northumbria,Sunderland,280900,122100,4556,4027,-12,14,232,227,-2,1,164,132,-20,0,985,828,-16,3,7,691,511,-26,2,1650,1463,-11,5,298,238,-20,1,13663,11820,-13,42
Northumbria,Tynedale,59200,26000,379,275,-27,5,21,30,-,1,X,5,X,0,68,70,3,1,3,44,59,-,1,157,95,-39,2,12,10,-,0,980,932,-5,16
Northumbria,Wansbeck,61900,27700,922,679,-26,11,57,41,-,1,24,12,-,0,217,156,-28,3,6,119,82,-31,1,369,186,-50,3,33,33,-,1,2998,2034,-32,33
Northumbria,Total,'1,407000',623900,19147,16837,-12,12,989,1148,16,1,732,572,-22,0,4922,3870,-21,3,6,2761,2158,-22,2,7526,5522,-27,4,1333,944,-29,1,60946,50696,-17,36
North Wales,Conwy,111400,51100,1868,1839,-2,17,105,92,-12,1,32,20,-,0,236,173,-27,2,3,132,118,-11,1,355,370,4,3,52,39,-,0,4191,3922,-6,35
North Wales,Denbighshire,96700,43500,1913,2260,18,23,91,89,-2,1,26,30,-,0,230,224,-3,2,5,170,123,-28,1,344,245,-29,3,53,39,-,0,3913,3679,-6,38
North Wales,Flintshire,149700,64600,1845,2045,11,14,99,100,1,1,30,20,-,0,299,301,1,2,5,269,204,-24,1,671,479,-29,3,95,52,-45,0,5083,4441,-13,30
North Wales,Gwynedd,118600,52200,1993,2094,5,18,113,131,16,1,13,15,-,0,199,145,-27,1,3,122,105,-14,1,315,293,-7,2,75,45,-,0,4132,3966,-4,33
North Wales,Isle of Anglesey,68800,30700,993,1084,9,16,44,51,-,1,5,6,-,0,61,68,11,1,2,78,75,-4,1,84,107,27,2,29,26,-,0,1997,1739,-13,25
North Wales,Wrexham,132700,57100,2543,2751,8,21,121,130,7,1,45,30,-,0,444,503,13,4,9,390,266,-32,2,669,587,-12,4,181,154,-15,1,6008,5823,-3,44
North Wales,Total,678000,299200,11155,12073,8,18,573,593,3,1,151,121,-20,0,1469,1414,-4,2,5,1161,891,-23,1,2438,2081,-15,3,485,355,-27,1,25324,23570,-7,35
North Yorkshire,Craven,55700,24500,381,376,-1,7,25,18,-,0,7,6,-,0,85,96,13,2,4,41,57,-,1,137,123,-10,2,19,9,-,0,1123,1080,-4,19
North Yorkshire,Hambleton,86900,37100,619,748,21,9,56,56,0,1,11,12,-,0,179,161,-10,2,4,113,126,12,1,249,242,-3,3,33,25,-,0,2068,2095,1,24
North Yorkshire,Harrogate,156100,69000,1148,1108,-3,7,89,100,12,1,30,44,-,0,314,370,18,2,5,224,170,-24,1,582,410,-30,3,58,60,3,0,4103,3604,-12,23
North Yorkshire,Richmondshire,51400,20600,389,406,4,8,30,21,-,0,6,X,X,,59,68,15,1,3,100,77,-23,1,177,138,-22,3,17,15,-,0,1086,1029,-5,20
North Yorkshire,Ryedale,53300,23200,369,379,3,7,30,19,-,0,4,X,X,,79,51,-35,1,2,51,47,-,1,126,109,-13,2,14,20,-,0,1190,952,-20,18
North Yorkshire,Scarborough,108500,49600,1703,1680,-1,15,92,97,5,1,52,33,-,0,406,345,-15,3,7,164,196,20,2,369,384,4,4,47,44,-,0,4733,4287,-9,40
North Yorkshire,Selby,81600,33700,816,694,-15,9,58,72,24,1,15,18,-,0,239,194,-19,2,6,199,141,-29,2,427,268,-37,3,42,28,-,0,2700,2084,-23,26
North Yorkshire,York,194900,85200,2711,2415,-11,12,169,188,11,1,122,83,-32,0,1113,691,-38,4,8,431,262,-39,1,1774,902,-49,5,187,112,-40,1,10673,8164,-24,42
North Yorkshire,Total,788400,342800,8136,7806,-4,10,549,571,4,1,247,202,-18,0,2474,1976,-20,3,6,1323,1076,-19,1,3841,2576,-33,3,417,313,-25,0,27676,23295,-16,30
Nottinghamshire,Ashfield,115700,50900,1982,2127,7,18,142,118,-17,1,100,114,14,1,1019,843,-17,7,17,443,353,-20,3,1210,853,-30,7,193,135,-30,1,8102,6960,-14,60
Nottinghamshire,Bassetlaw,111300,48700,1846,1655,-10,15,94,106,13,1,50,60,20,1,675,543,-20,5,11,463,456,-2,4,1216,864,-29,8,195,136,-30,1,6904,5787,-16,52
Nottinghamshire,Broxtowe,110900,49100,1132,1070,-5,10,89,61,-31,1,138,128,-7,1,827,710,-14,6,14,267,168,-37,2,1042,738,-29,7,154,89,-42,1,4912,4132,-16,37
Nottinghamshire,Gedling,112300,49500,1198,1177,-2,10,66,62,-6,1,213,182,-15,2,725,721,-1,6,15,280,227,-19,2,783,553,-29,5,140,85,-39,1,5355,4577,-15,41
Nottinghamshire,Mansfield,99800,44400,2489,2388,-4,24,138,172,25,2,86,74,-14,1,802,532,-34,5,12,369,244,-34,2,1268,858,-32,9,139,94,-32,1,7508,5988,-20,60
Nottinghamshire,Newark & Sherwood,112500,49200,1568,1407,-10,13,78,82,5,1,53,41,-,0,415,359,-13,3,7,341,210,-38,2,765,511,-33,5,145,80,-45,1,5596,4413,-21,39
Nottinghamshire,Nottingham,296600,131400,8599,7742,-10,26,577,641,11,2,1554,1261,-19,4,4367,3622,-17,12,28,1227,906,-26,3,4413,2893,-34,10,456,363,-20,1,29560,23906,-19,81
Nottinghamshire,Rushcliffe,110800,46300,796,739,-7,7,49,39,-,0,85,70,-18,1,627,538,-14,5,12,149,116,-22,1,844,722,-14,7,103,80,-22,1,3660,3286,-10,30
Nottinghamshire,Total,'1,069900',469500,19610,18305,-7,17,1233,1281,4,1,2279,1930,-15,2,9457,7868,-17,7,17,3539,2680,-24,3,11541,7992,-31,7,1525,1062,-30,1,71597,59049,-18,55
South Wales,Bridgend,133900,58200,1947,1901,-2,14,90,89,-1,1,33,23,-,0,418,385,-8,3,7,361,257,-29,2,826,664,-20,5,121,82,-32,1,5797,5167,-11,39
South Wales,Cardiff,330500,133700,6692,6260,-6,19,352,290,-18,1,465,359,-23,1,2266,1841,-19,6,14,1316,937,-29,3,6349,4649,-27,14,522,319,-39,1,26575,22389,-16,68
South Wales,Merthyr Tydfil,55600,23900,1300,1150,-12,21,46,37,-,1,36,27,-,0,254,229,-10,4,10,310,241,-22,4,714,554,-22,10,180,76,-58,1,3960,3248,-18,58
South Wales,Neath & Port Talbot,137600,62600,1765,1885,7,14,92,66,-28,0,30,31,-,0,558,308,-45,2,5,508,363,-29,3,695,517,-26,4,87,87,0,1,5786,4757,-18,35
South Wales,Rhondda Cynon Taff,234400,99700,3694,3518,-5,15,183,169,-8,1,64,53,-17,0,854,809,-5,3,8,788,604,-23,3,1369,1289,-6,5,204,162,-21,1,10678,9589,-10,41
South Wales,Swansea,230100,100400,4120,3520,-15,15,151,138,-9,1,137,89,-35,0,1277,1114,-13,5,11,1065,859,-19,4,1973,1509,-24,7,352,258,-27,1,12461,10287,-17,45
South Wales,Vale of Glamorgan,124100,53200,1661,1523,-8,12,88,73,-17,1,44,23,-,0,340,320,-6,3,6,261,182,-30,1,779,718,-8,6,112,86,-23,1,4970,4227,-15,34
South Wales,Total,'1,246100',531700,21179,19757,-7,16,1002,862,-14,1,809,605,-25,0,5967,5006,-16,4,9,4609,3443,-25,3,12705,9900,-22,8,1578,1070,-32,1,70227,59664,-15,48
South Yorkshire,Barnsley,225200,98200,2989,2696,-10,12,152,166,9,1,85,83,-2,0,798,843,6,4,9,809,656,-19,3,1622,1269,-22,6,231,167,-28,1,10682,8974,-16,40
South Yorkshire,Doncaster,289300,124600,5576,4918,-12,17,221,225,2,1,206,131,-36,0,2350,2040,-13,7,16,1471,1133,-23,4,2775,2486,-10,9,439,354,-19,1,19351,16462,-15,57
South Yorkshire,Rotherham,252900,108800,3554,3018,-15,12,175,185,6,1,121,119,-2,0,1184,1101,-7,4,10,905,682,-25,3,1971,2060,5,8,343,226,-34,1,13842,11522,-17,46
South Yorkshire,Sheffield,539800,230900,8509,7118,-16,13,369,355,-4,1,772,682,-12,1,4361,3295,-24,6,14,2385,1554,-35,3,6606,4945,-25,9,1130,728,-36,1,35645,28305,-21,52
South Yorkshire,Total,'1,307200',562400,20628,17750,-14,14,917,931,2,1,1184,1015,-14,1,8693,7279,-16,6,13,5570,4025,-28,3,12974,10760,-17,8,2143,1475,-31,1,79520,65263,-18,50
Staffordshire,Cannock Chase,94300,39900,1929,1889,-2,20,71,115,62,1,50,57,14,1,318,377,19,4,9,205,153,-25,2,424,435,3,5,49,36,-,0,4169,4045,-3,43
Staffordshire,East Staffordshire,108200,46400,1764,1825,3,17,100,108,8,1,79,70,-11,1,358,368,3,3,8,224,160,-29,1,624,428,-31,4,105,61,-42,1,4689,4203,-10,39
Staffordshire,Lichfield,98000,40700,1182,1096,-7,11,69,60,-13,1,56,40,-,0,282,297,5,3,7,195,114,-42,1,549,387,-30,4,74,58,-22,1,3315,2731,-18,28
Staffordshire,Newcastle-under-Lyme,124200,53300,2162,2203,2,18,149,122,-18,1,57,48,-,0,437,342,-22,3,6,237,196,-17,2,691,407,-41,3,92,77,-16,1,5469,4863,-11,39
Staffordshire,South Staffordshire,106400,43800,1074,982,-9,9,56,44,-21,0,54,44,-,0,357,386,8,4,9,236,160,-32,2,591,509,-14,5,63,56,-11,1,3345,2977,-11,28
Staffordshire,Stafford,125200,53600,2009,2044,2,16,82,89,9,1,58,41,-,0,278,230,-17,2,4,174,120,-31,1,527,358,-32,3,69,57,-17,0,4601,4248,-8,34
Staffordshire,Staffordshire Moorlands,95300,40700,1264,1130,-11,12,53,51,-4,1,15,20,-,0,203,120,-41,1,3,191,98,-49,1,422,358,-15,4,73,69,-5,1,3192,2798,-12,29
Staffordshire,Stoke on Trent,239300,106200,6649,6980,5,29,395,361,-9,2,368,310,-16,1,1635,1336,-18,6,13,827,589,-29,2,2059,1303,-37,5,433,307,-29,1,17908,15684,-12,66
Staffordshire,Tamworth,75300,31400,1746,1599,-8,21,101,107,6,1,54,73,35,1,387,293,-24,4,9,194,142,-27,2,422,309,-27,4,106,69,-35,1,4229,3541,-16,47
Staffordshire,Total,'1,066200',456000,19779,19748,0,19,1076,1057,-2,1,791,703,-11,1,4255,3749,-12,4,8,2483,1732,-30,2,6309,4494,-29,4,1064,790,-26,1,50917,45090,-11,42
Suffolk,Babergh,86000,37800,751,730,-3,8,57,38,-,0,8,21,-,0,113,160,42,2,4,65,74,14,1,426,386,-9,4,30,23,-,0,2393,2377,-1,28
Suffolk,Forest Heath,60800,26500,1053,933,-11,15,61,71,16,1,16,7,-,0,171,146,-15,2,6,134,117,-13,2,321,272,-15,4,23,14,-,0,2507,2421,-3,40
Suffolk,Ipswich,125400,54700,2931,3445,18,27,215,251,17,2,153,117,-24,1,505,544,8,4,10,339,269,-21,2,1261,721,-43,6,215,166,-23,1,8585,7466,-13,60
Suffolk,Mid Suffolk,93700,39700,616,640,4,7,48,62,-,1,6,10,-,0,147,144,-2,2,4,68,54,-21,1,254,208,-18,2,36,34,-,0,1830,1735,-5,19
Suffolk,St Edmundsbury,102900,44200,1333,1444,8,14,78,90,15,1,26,21,-,0,229,225,-2,2,5,102,81,-21,1,465,446,-4,4,43,44,-,0,3316,3433,4,33
Suffolk,Suffolk Coastal,124100,55100,972,1116,15,9,76,86,13,1,12,15,-,0,144,205,42,2,4,84,113,35,1,470,485,3,4,32,32,-,0,3051,3417,12,28
Suffolk,Waveney,117900,53000,1778,1809,2,15,143,139,-3,1,50,56,12,0,341,465,36,4,9,116,121,4,1,349,346,-1,3,42,46,-,0,4784,4760,-1,40
Suffolk,Total,710600,310900,9434,10117,7,14,678,737,9,1,271,247,-9,0,1650,1889,14,3,6,908,829,-9,1,3546,2864,-19,4,421,359,-15,1,26466,25609,-3,36
Surrey,Elmbridge,129500,55900,1355,1365,1,11,80,63,-21,0,65,62,-5,0,497,468,-6,4,8,157,169,8,1,638,636,0,5,130,113,-13,1,4389,4105,-6,32
Surrey,Epsom & Ewell,71800,29100,870,973,12,14,55,42,-,1,43,29,-,0,159,206,30,3,7,121,99,-18,1,295,276,-6,4,57,37,-,1,2320,2330,0,32
Surrey,Guildford,134200,55300,1694,1779,5,13,114,125,10,1,50,42,-,0,384,438,14,3,8,235,176,-25,1,515,539,5,4,108,83,-23,1,4521,4333,-4,32
Surrey,Mole Valley,83400,34500,829,888,7,11,50,43,-,1,21,29,-,0,176,197,12,2,6,72,99,38,1,338,293,-13,4,37,41,-,0,2132,2055,-4,25
Surrey,Reigate and Banstead,133400,55100,1935,2199,14,16,119,94,-21,1,58,54,-7,0,352,335,-5,3,6,215,175,-19,1,606,730,20,5,76,123,62,1,4796,4714,-2,35
Surrey,Runnymede,82200,34500,909,1002,10,12,67,65,-3,1,26,29,-,0,361,353,-2,4,10,150,162,8,2,444,415,-7,5,80,72,-10,1,2942,2881,-2,35
Surrey,Spelthorne,91800,39300,1531,1423,-7,16,74,77,4,1,57,52,-9,1,471,384,-18,4,10,244,211,-14,2,592,476,-20,5,123,108,-12,1,4319,3863,-11,42
Surrey,Surrey Heath,83000,33600,874,1014,16,12,35,62,-,1,9,20,-,0,241,200,-17,2,6,99,115,16,1,273,338,24,4,47,53,-,1,2278,2477,9,30
Surrey,Tandridge,81300,33700,726,794,9,10,55,43,-,1,28,42,-,1,263,229,-13,3,7,197,174,-12,2,511,364,-29,4,73,49,-33,1,2694,2525,-6,31
Surrey,Waverley,118500,48000,788,914,16,8,55,72,31,1,24,35,-,0,192,301,57,3,6,133,107,-20,1,439,385,-12,3,54,87,61,1,2794,2673,-4,23
Surrey,Woking,91600,39200,1337,1529,14,17,84,86,2,1,34,26,-,0,225,294,31,3,8,125,88,-30,1,611,486,-20,5,148,56,-62,1,3507,3519,0,38
Surrey,Total,'1,100700',458200,12848,13880,8,13,788,772,-2,1,415,420,1,0,3321,3405,3,3,7,1748,1575,-10,1,5262,4938,-6,4,933,822,-12,1,36692,35475,-3,32
Sussex,Adur,61000,26700,642,616,-4,10,53,49,-,1,15,12,-,0,134,118,-12,2,4,72,95,32,2,223,203,-9,3,41,28,-,0,2129,1877,-12,31
Sussex,Arun,149600,67000,1720,1950,13,13,118,127,8,1,53,53,0,0,378,387,2,3,6,280,180,-36,1,557,582,4,4,116,101,-13,1,5545,5496,-1,37
Sussex,Brighton & Hove,253800,118100,5213,4837,-7,19,328,333,2,1,434,353,-19,1,1172,1228,5,5,10,603,762,26,3,1664,1495,-10,6,235,285,21,1,14245,13783,-3,54
Sussex,Chichester,111800,48700,1007,1149,14,10,68,113,66,1,22,40,-,0,210,184,-12,2,4,109,140,28,1,551,486,-12,4,59,60,2,1,3343,3313,-1,30
Sussex,Crawley,104000,41300,1901,1909,0,18,135,147,9,1,115,91,-21,1,283,307,8,3,7,204,133,-35,1,855,458,-46,4,56,34,-,0,4964,4398,-11,42
Sussex,Eastbourne,96200,45400,1816,1748,-4,18,106,98,-8,1,90,75,-17,1,214,184,-14,2,4,187,130,-30,1,490,398,-19,4,85,73,-14,1,4709,4118,-13,43
Sussex,Hastings,86300,39900,1977,1848,-7,21,140,151,8,2,121,131,8,2,434,305,-30,4,8,264,289,9,3,644,469,-27,5,118,108,-8,1,5388,4927,-9,57
Sussex,Horsham,129200,55100,1021,905,-11,7,88,55,-38,0,34,10,-,0,190,173,-9,1,3,143,107,-25,1,424,368,-13,3,39,21,-,0,3262,2748,-16,21
Sussex,Lewes,95700,42000,997,948,-5,10,70,54,-23,1,28,26,-,0,210,135,-36,1,3,112,112,0,1,470,333,-29,3,62,55,-11,1,3265,2667,-18,28
Sussex,Mid Sussex,130900,54100,950,867,-9,7,57,56,-2,0,30,43,-,0,206,202,-2,2,4,147,108,-27,1,466,442,-5,3,44,33,-,0,3315,2902,-12,22
Sussex,Rother,89500,40200,719,663,-8,7,54,64,19,1,20,15,-,0,230,163,-29,2,4,118,101,-14,1,362,286,-21,3,38,28,-,0,2740,2310,-16,26
Sussex,Wealden,143400,61800,834,802,-4,6,67,71,6,0,12,19,-,0,228,145,-36,1,2,152,121,-20,1,553,555,0,4,57,41,-,0,3151,2781,-12,19
Sussex,Worthing,102100,45700,1469,1647,12,16,94,107,14,1,60,68,13,1,243,263,8,3,6,138,128,-7,1,361,409,13,4,62,43,-,0,4544,4496,-1,44
Sussex,Total,'1,553500',685900,20266,19889,-2,13,1378,1425,3,1,1034,936,-9,1,4132,3794,-8,2,6,2529,2406,-5,2,7620,6484,-15,4,1012,910,-10,1,60600,55816,-8,36
Thames Valley,Aylesbury Vale,172000,70700,2437,2452,1,14,147,162,10,1,84,89,6,1,572,512,-10,3,7,212,196,-8,1,742,803,8,5,81,99,22,1,5665,5460,-4,32
Thames Valley,Bracknell Forest UA,114000,46800,1795,1805,1,16,117,128,9,1,58,60,3,1,441,335,-24,3,7,293,201,-31,2,702,619,-12,5,140,77,-45,1,4784,4246,-11,37
Thames Valley,Cherwell,138800,58200,2429,2339,-4,17,114,146,28,1,61,49,-20,0,251,311,24,2,5,147,151,3,1,631,479,-24,3,115,71,-38,1,4995,4650,-7,34
Thames Valley,Chiltern,91300,36300,1105,1118,1,12,62,69,11,1,61,38,-38,0,478,327,-32,4,9,130,142,9,2,531,537,1,6,72,91,26,1,3262,3148,-3,34
Thames Valley,Milton Keynes,232900,96000,6015,6076,1,26,276,324,17,1,302,349,16,1,1073,1196,11,5,12,782,655,-16,3,2174,2087,-4,9,334,280,-16,1,13781,13576,-1,58
Thames Valley,Oxford,146500,57600,4516,3989,-12,27,190,226,19,2,243,268,10,2,907,761,-16,5,13,518,351,-32,2,1102,793,-28,5,246,142,-42,1,10941,9767,-11,67
Thames Valley,Reading UA,149200,59000,4588,4380,-5,29,253,299,18,2,429,343,-20,2,1769,1723,-3,12,29,622,501,-19,3,2039,1957,-4,13,314,218,-31,1,12679,12035,-5,81
Thames Valley,Slough UA,125800,45800,3706,3857,4,31,174,200,15,2,460,389,-15,3,1207,1130,-6,9,25,716,437,-39,3,2615,2459,-6,20,293,190,-35,2,11457,10416,-9,83
Thames Valley,South Bucks,65700,26100,970,931,-4,14,50,37,-,1,73,48,-,1,599,513,-14,8,20,235,150,-36,2,962,923,-4,14,118,118,0,2,3823,3407,-11,52
Thames Valley,South Oxfordshire,130000,53300,1455,1294,-11,10,78,87,12,1,48,61,-,0,322,386,20,3,7,232,165,-29,1,631,532,-16,4,103,71,-31,1,3889,3866,-1,30
Thames Valley,Vale of White Horse,118100,47800,1416,1142,-19,10,75,68,-9,1,13,11,-,0,213,196,-8,2,4,134,87,-35,1,307,267,-13,2,58,52,-10,0,3281,2628,-20,22
Thames Valley,West Berkshire,151400,61300,2367,2527,7,17,116,152,31,1,76,105,38,1,681,728,7,5,12,341,312,-9,2,894,1090,22,7,141,141,0,1,6459,6721,4,44
Thames Valley,West Oxfordshire,102100,42000,1285,1137,-12,11,54,70,30,1,25,17,-,0,153,151,-1,1,4,112,94,-16,1,290,266,-8,3,39,43,-,0,2872,2653,-8,26
Thames Valley,Windsor & Maidenhead UA,141700,58000,2457,2606,6,18,144,149,3,1,154,128,-17,1,965,839,-13,6,14,325,223,-31,2,1925,2336,21,16,244,290,19,2,7708,7937,3,56
Thames Valley,Wokingham UA,159700,60600,1392,1466,5,9,90,84,-7,1,68,78,15,0,839,575,-31,4,9,223,210,-6,1,772,843,9,5,101,96,-5,1,4678,4445,-5,28
Thames Valley,Wycombe,162500,65300,2883,2879,0,18,133,158,19,1,213,154,-28,1,933,795,-15,5,12,342,253,-26,2,1499,1060,-29,7,188,134,-29,1,7871,6713,-15,41
Thames Valley,Total,'2,201900',884700,40816,39998,-2,18,2073,2359,14,1,2368,2187,-8,1,11403,10478,-8,5,12,5364,4128,-23,2,17816,17051,-4,8,2587,2113,-18,1,108145,101668,-6,46
Warwickshire,North Warwickshire,61800,26400,479,441,-8,7,26,31,-,1,26,26,-,0,250,219,-12,4,8,256,186,-27,3,491,477,-3,8,61,50,-18,1,2263,2023,-11,33
Warwickshire,Nuneaton & Bedworth,121800,51300,1794,1635,-9,13,123,121,-2,1,114,100,-12,1,755,764,1,6,15,389,322,-17,3,1157,723,-38,6,128,101,-21,1,6630,5436,-18,45
Warwickshire,Rugby,92700,38700,1183,1260,7,14,60,77,28,1,76,65,-14,1,413,382,-8,4,10,261,228,-13,2,613,570,-7,6,54,74,37,1,4120,3660,-11,39
Warwickshire,Stratford-upon-Avon,118700,51100,893,852,-5,7,65,86,32,1,29,22,-,0,267,296,11,2,6,174,148,-15,1,703,642,-9,5,54,48,-11,0,3261,3132,-4,26
Warwickshire,Warwick,138200,59500,1608,1114,-31,8,105,121,15,1,89,67,-25,0,531,600,13,4,10,204,161,-21,1,1157,939,-19,7,67,71,6,1,5725,4639,-19,34
Warwickshire,Total,533200,226800,5957,5302,-11,10,379,436,15,1,334,280,-16,1,2216,2261,2,4,10,1284,1045,-19,2,4121,3351,-19,6,364,344,-5,1,21999,18890,-14,35
West Mercia,Bridgnorth,51700,21800,394,359,-9,7,20,23,-,0,13,9,-,0,125,143,14,3,7,92,86,-7,2,202,226,12,4,24,23,-,0,1232,1112,-10,22
West Mercia,Bromsgrove,93000,38000,862,942,9,10,47,61,-,1,61,44,-,0,438,321,-27,3,8,205,141,-31,2,539,534,-1,6,63,77,22,1,3095,2813,-9,30
West Mercia,Herefordshire,179100,79200,2257,2175,-4,12,153,200,31,1,56,46,-,0,332,281,-15,2,4,211,166,-21,1,640,596,-7,3,85,74,-13,0,5836,5148,-12,29
West Mercia,Malvern Hills,74800,32000,554,541,-2,7,54,49,-,1,17,14,-,0,157,143,-9,2,4,87,72,-17,1,234,268,15,4,43,27,-,0,1746,1756,1,23
West Mercia,North Shropshire,60200,25200,484,404,-17,7,43,38,-,1,8,4,-,0,137,130,-5,2,5,78,66,-15,1,225,244,8,4,29,45,-,1,1579,1485,-6,25
West Mercia,Oswestry,40200,17600,416,495,19,12,32,37,-,1,10,3,-,0,102,63,-38,2,4,54,74,37,2,144,145,1,4,32,45,-,1,1162,1221,5,30
West Mercia,Redditch,78800,33700,1401,1396,0,18,101,124,23,2,65,48,-,1,283,273,-4,3,8,189,132,-30,2,492,460,-7,6,109,87,-20,1,3673,3466,-6,44
West Mercia,Shrewsbury & Atcham,95900,41700,1304,1125,-14,12,89,75,-16,1,56,30,-,0,232,213,-8,2,5,87,69,-21,1,417,413,-1,4,61,65,7,1,3548,2954,-17,31
West Mercia,South Shropshire,42700,19000,256,235,-8,6,25,21,-,0,6,3,-,0,92,76,-17,2,4,45,46,-,1,150,94,-37,2,16,13,-,0,899,776,-14,18
West Mercia,Telford & Wrekin,161700,68800,2540,2139,-16,13,217,163,-25,1,133,143,8,1,727,813,12,5,12,415,363,-13,2,938,984,5,6,146,132,-10,1,7624,6938,-9,43
West Mercia,Worcester,93900,40700,1817,1612,-11,17,127,99,-22,1,76,49,-,1,481,265,-45,3,7,154,138,-10,1,753,683,-9,7,100,103,3,1,5205,4357,-16,46
West Mercia,Wychavon,116500,50400,901,843,-6,7,59,98,66,1,28,26,-,0,331,261,-21,2,5,190,138,-27,1,551,550,0,5,65,81,25,1,3198,2856,-11,25
West Mercia,Wyre Forest,98300,42900,1613,1592,-1,16,69,105,52,1,33,49,-,0,429,309,-28,3,7,274,239,-13,2,615,550,-11,6,101,122,21,1,4692,4261,-9,43
West Mercia,Total,'1,186700',510900,14799,13858,-6,12,1036,1093,6,1,562,468,-17,0,3866,3291,-15,3,6,2081,1730,-17,1,5900,5747,-3,5,874,894,2,1,43489,39143,-10,33
West Midlands,Birmingham,'1,019200',414300,21767,21647,-1,21,1256,1362,8,1,3922,3738,-5,4,7231,7087,-2,7,17,4169,3376,-19,3,9452,7646,-19,8,861,611,-29,1,58820,54137,-8,53
West Midlands,Coventry,310500,129100,6631,6552,-1,21,405,526,30,2,699,616,-12,2,2164,2195,1,7,17,869,768,-12,2,2724,2401,-12,8,294,289,-2,1,18241,17745,-3,57
West Midlands,Dudley,306300,127900,3431,3225,-6,11,221,229,4,1,468,420,-10,1,1476,1185,-20,4,9,831,701,-16,2,1920,1860,-3,6,258,204,-21,1,11950,10961,-8,36
West Midlands,Sandwell,288700,120400,4618,4646,1,16,267,291,9,1,863,721,-16,2,1793,1813,1,6,15,1269,1042,-18,4,2278,1673,-27,6,236,195,-17,1,14789,13152,-11,46
West Midlands,Solihull,204300,85100,3152,2798,-11,14,162,172,6,1,459,445,-3,2,1280,1062,-17,5,12,581,468,-19,2,1756,1479,-16,7,187,151,-19,1,9415,8314,-12,41
West Midlands,Walsall,255100,104200,4341,4173,-4,16,197,240,22,1,436,441,1,2,1365,1588,16,6,15,845,674,-20,3,1779,1456,-18,6,198,155,-22,1,12446,11265,-9,44
West Midlands,Wolverhampton,238100,99800,4282,4355,2,18,214,236,10,1,973,860,-12,4,1502,1665,11,7,17,881,776,-12,3,1781,1680,-6,7,235,189,-20,1,13317,12268,-8,52
West Midlands,Total,'2,622300','1,080800',48222,47396,-2,18,2722,3056,12,1,7820,7241,-7,3,16811,16595,-1,6,15,9445,7805,-17,3,21690,18195,-16,7,2269,1794,-21,1,138978,127842,-8,49
West Yorkshire,Bradford,501400,196100,7528,7627,1,15,482,491,2,1,545,643,18,1,5236,5389,3,11,27,1955,1389,-29,3,4713,4057,-14,8,601,447,-26,1,30308,28047,-7,56
West Yorkshire,Calderdale,200100,87600,2951,2866,-3,14,170,170,0,1,150,126,-16,1,1243,1227,-1,6,14,756,631,-17,3,1427,1535,8,8,177,185,5,1,10858,10082,-7,50
West Yorkshire,Kirklees,403600,169300,6246,5035,-19,12,390,347,-11,1,675,499,-26,1,3358,3598,7,9,21,1480,1056,-29,3,3880,3183,-18,8,437,285,-35,1,24715,20491,-17,51
West Yorkshire,Leeds,779300,335000,12478,11130,-11,14,715,731,2,1,1407,1303,-7,2,9248,9521,3,12,28,2732,2000,-27,3,7775,7111,-9,9,968,733,-24,1,51179,46116,-10,59
West Yorkshire,Wakefield,322800,141300,5383,4717,-12,15,281,348,24,1,159,169,6,1,1815,1651,-9,5,12,1266,805,-36,2,2548,2097,-18,6,431,248,-42,1,17852,14984,-16,46
West Yorkshire,Total,'2,207000',929200,34586,31375,-9,14,2038,2087,2,1,2936,2740,-7,1,20900,21386,2,10,23,8189,5881,-28,3,20343,17983,-12,8,2614,1898,-27,1,134912,119720,-11,54
Wiltshire,Swindon,196000,82200,3153,3364,7,17,218,311,43,2,251,182,-27,1,565,673,19,3,8,452,327,-28,2,1437,1072,-25,5,150,129,-14,1,10582,9275,-12,47
Wiltshire,Wiltshire County,454100,190100,4778,4722,-1,10,297,313,5,1,88,73,-17,0,879,1049,19,2,6,540,489,-9,1,1503,1489,-1,3,251,203,-19,0,13875,13286,-4,29
Wiltshire,Total,650100,272300,7931,8086,2,12,515,624,21,1,339,255,-25,0,1444,1722,19,3,6,992,816,-18,1,2940,2561,-13,4,401,332,-17,1,24457,22561,-8,35
England and Wales,Total,54454700,23253800,887213,856832,-3,16,50575,53757,6,1,79261,74413,-6,1,284434,268591,-6,5,12,146913,117546,-20,2,394003,336865,-15,6,47473,37928,-20,1,'2,676,574','2,426,304',-9,45
